,Andorra,Argentina,Aruba,Australia,Austria,Bahamas,Bahrain,Barbados,Belgium,Benin,Bermuda,Bolivia,Bosnia and Herzegovina,Brazil,Bulgaria,Cameroon,Canada,Central African Republic,Chile,China,Colombia,Congo,Costa Rica,Croatia,Cuba,Curacao,Cyprus,Czechia,Democratic Republic of Congo,Denmark,Dominican Republic,Ecuador,Egypt,El Salvador,Estonia,Finland,France,Georgia,Germany,Ghana,Gibraltar,Greece,Greenland,Guadeloupe,Guam,Guatemala,Guyana,Honduras,Hungary,Iceland,India,Indonesia,Iran,Ireland,Israel,Italy,Jamaica,Japan,Jordan,Latvia,Lebanon,Liberia,Lithuania,Luxembourg,Malta,Martinique,Mexico,Moldova,Monaco,Montenegro,Morocco,Mozambique,Netherlands,New Caledonia,New Zealand,Nigeria,Norway,Panama,Paraguay,Peru,Philippines,Poland,Portugal,Puerto Rico,Qatar,Romania,Russia,Saint Martin (French part),San Marino,Saudi Arabia,Serbia,Singapore,Slovakia,Slovenia,South Africa,South Korea,Spain,Sri Lanka,Sudan,Sweden,Switzerland,Thailand,Turkey,Ukraine,United Arab Emirates,United Kingdom,United States,Uruguay,Venezuela,Vietnam,World
2022-05-07,,,,,,,,,,,,,,,,,,0.0,,,,,,,,,,,,,,,,,,,,,,,,,,,,,,,,,,,,,,,,0.0,,,,,,,,,,,,,,,,,,0.0,,,,,,,,,,,,,,,,,,,,,,,,,,,,,,0.0,,,,,0.0
2022-05-14,,,,,,,,,,,,,,,,,,0.0,,,,,,,,,,,,,,,,,,,,,,,,,,,,,,,,,,,,,,,,0.0,,,,,,,,,,,,,,,,,,0.0,,,,,,,,,,,,,,,,,,,,,,,,,,,,,,0.0,,,,,0.0
2022-05-21,,,,0.0,,,,,0.0,,,,,,,,,0.0,,,,0.0,,,,,,,,,,,,,,0.0,0.0,,0.0,,,,,,,,,,,,,,,0.0,0.0,0.0,,0.0,,,,,,,,,,,,,,,,,,0.0,,,,,,,0.0,,,,,,,,,,,,,,0.0,,,0.0,0.0,,,,,0.0,,,,,0.0
2022-05-28,,,,0.0,0.0,,,,0.0,,,,,,,,,0.0,,,,0.0,,,,,,0.0,,0.0,,,,,,0.0,0.0,,0.0,,,,,,,,,,,,,,,0.0,0.0,0.0,,0.0,,,,,,,,,,,,,,,0.0,,,0.0,,,,,,,0.0,,,,,,,,,,,0.0,,,0.0,,,0.0,0.0,,,,0.0,0.0,,,,,0.0
2022-06-04,,0.0,,0.0,0.0,,,,0.0,,,,,,,,0.0,0.0,,,,0.0,,,,,,0.0,,0.0,,,,,,0.0,0.0,,0.0,,0.0,,,,,,,,0.0,,,,,0.0,0.0,0.0,,0.0,,0.0,,,,,0.0,,0.0,,,,0.0,,0.0,,,0.0,0.0,,,,,,0.0,,,,,,,,,,,0.0,,,0.0,,,0.0,0.0,,,,0.0,0.0,0.0,,,,0.0
2022-06-11,,0.0,,0.0,0.0,,,,0.0,,,,,0.0,,,0.0,0.0,,,,0.0,,,,,,0.0,,0.0,,,,,,0.0,0.0,,0.0,,0.0,0.0,,,,,,,0.0,0.0,,,,0.0,0.0,0.0,,0.0,,0.0,,,,,0.0,,0.0,,,,0.0,,0.0,,,1.0,0.0,,,,,,0.0,,,,,,,,,,,0.0,,,0.0,,,0.0,0.0,,,,0.0,0.0,0.0,,,,1.0
2022-06-18,,0.0,,0.0,0.0,,,,0.0,0.0,,,,0.0,,0.0,0.0,0.0,0.0,,,0.0,,,,,,0.0,0.0,0.0,,,,,,0.0,0.0,0.0,0.0,0.0,0.0,0.0,,,,,,,0.0,0.0,,,,0.0,0.0,0.0,,0.0,,0.0,,,,0.0,0.0,,0.0,,,,0.0,,0.0,,,1.0,0.0,,,,,0.0,0.0,,,0.0,,,,,0.0,,,0.0,,,0.0,,,0.0,0.0,,,,0.0,0.0,0.0,,0.0,,1.0
2022-06-25,,0.0,,0.0,0.0,,,,0.0,0.0,,,,0.0,0.0,0.0,0.0,0.0,0.0,0.0,0.0,0.0,,0.0,,,,0.0,0.0,0.0,,,,,,0.0,0.0,0.0,0.0,0.0,0.0,0.0,,,,,,,0.0,0.0,,,,0.0,0.0,0.0,,0.0,,0.0,0.0,,,0.0,0.0,,0.0,,,,0.0,,0.0,,,1.0,0.0,,,,,0.0,0.0,,,0.0,,,,,0.0,0.0,,0.0,0.0,0.0,0.0,,,0.0,0.0,,,,0.0,0.0,0.0,,0.0,,1.0
2022-07-02,,0.0,,0.0,0.0,0.0,,,0.0,0.0,,,,0.0,0.0,0.0,0.0,0.0,0.0,0.0,0.0,0.0,,0.0,,,,0.0,0.0,0.0,,,,,0.0,0.0,0.0,0.0,0.0,0.0,0.0,0.0,,,,,,,0.0,0.0,,,,0.0,0.0,0.0,,0.0,,0.0,0.0,,,0.0,0.0,,0.0,,,,0.0,,0.0,,,1.0,0.0,,,0.0,,0.0,0.0,0.0,,0.0,,,,,0.0,0.0,,0.0,0.0,0.0,0.0,,,0.0,0.0,,0.0,,0.0,0.0,0.0,,0.0,,1.0
2022-07-09,,0.0,,0.0,0.0,0.0,,,0.0,0.0,,,,0.0,0.0,0.0,0.0,0.0,0.0,0.0,0.0,0.0,,0.0,,,,0.0,0.0,0.0,0.0,0.0,,,0.0,0.0,0.0,0.0,0.0,0.0,0.0,0.0,,,,,,,0.0,0.0,,,,0.0,0.0,0.0,0.0,0.0,,0.0,0.0,,,0.0,0.0,,0.0,,,,0.0,,0.0,,,1.0,0.0,0.0,,0.0,,0.0,0.0,0.0,,0.0,,,,,0.0,0.0,0.0,0.0,0.0,0.0,0.0,,,0.0,0.0,,0.0,,0.0,0.0,0.0,,0.0,,1.0
2022-07-16,,0.0,,0.0,0.0,0.0,,,0.0,0.0,,,0.0,0.0,0.0,0.0,0.0,0.0,0.0,0.0,0.0,0.0,,0.0,,,,0.0,0.0,0.0,0.0,0.0,,,0.0,0.0,0.0,0.0,0.0,0.0,0.0,0.0,,,,,,,0.0,0.0,0.0,,,0.0,0.0,0.0,0.0,0.0,,0.0,0.0,,,0.0,0.0,,0.0,,,,0.0,,0.0,,0.0,3.0,0.0,0.0,,0.0,,0.0,0.0,0.0,,0.0,0.0,,,0.0,0.0,0.0,0.0,0.0,0.0,0.0,0.0,,,0.0,0.0,,0.0,,0.0,0.0,0.0,,0.0,,3.0
2022-07-23,,0.0,,0.0,0.0,0.0,,0.0,0.0,0.0,0.0,,0.0,0.0,0.0,0.0,0.0,0.0,0.0,0.0,0.0,0.0,0.0,0.0,,,,0.0,0.0,0.0,0.0,0.0,,,0.0,0.0,0.0,0.0,0.0,0.0,0.0,0.0,,,,,,,0.0,0.0,0.0,,,0.0,0.0,0.0,0.0,0.0,,0.0,0.0,,,0.0,0.0,0.0,0.0,,,,0.0,,0.0,,0.0,3.0,0.0,0.0,,0.0,,0.0,0.0,0.0,0.0,0.0,0.0,,,0.0,0.0,0.0,0.0,0.0,0.0,0.0,0.0,,,0.0,0.0,0.0,0.0,,0.0,0.0,0.0,,0.0,,3.0
2022-07-30,0.0,0.0,,0.0,0.0,0.0,,0.0,0.0,0.0,0.0,,0.0,0.0,0.0,0.0,0.0,0.0,0.0,0.0,0.0,0.0,0.0,0.0,,,,0.0,0.0,0.0,0.0,0.0,,,0.0,0.0,0.0,0.0,0.0,0.0,0.0,0.0,,,,,,,0.0,0.0,0.0,,,0.0,0.0,0.0,0.0,0.0,,0.0,0.0,,,0.0,0.0,0.0,0.0,,,,0.0,,0.0,,0.0,3.0,0.0,0.0,,0.0,0.0,0.0,0.0,0.0,0.0,0.0,0.0,,,0.0,0.0,0.0,0.0,0.0,0.0,0.0,0.0,,,0.0,0.0,0.0,0.0,,,0.0,0.0,,0.0,,3.0
2022-08-06,0.0,0.0,,0.0,0.0,0.0,,0.0,0.0,0.0,0.0,0.0,0.0,1.0,0.0,0.0,0.0,0.0,0.0,0.0,0.0,0.0,0.0,0.0,,,0.0,0.0,0.0,0.0,0.0,0.0,,,0.0,0.0,0.0,0.0,0.0,1.0,0.0,0.0,,0.0,,0.0,,,0.0,0.0,1.0,,,0.0,0.0,0.0,0.0,0.0,,0.0,0.0,0.0,0.0,0.0,0.0,0.0,0.0,,,0.0,0.0,,0.0,,0.0,4.0,0.0,0.0,,0.0,0.0,0.0,0.0,0.0,0.0,0.0,0.0,0.0,,0.0,0.0,0.0,0.0,0.0,0.0,0.0,2.0,,0.0,0.0,0.0,0.0,0.0,,,0.0,0.0,0.0,0.0,,9.0
2022-08-13,0.0,0.0,,0.0,0.0,0.0,,0.0,0.0,0.0,0.0,0.0,0.0,1.0,0.0,0.0,0.0,0.0,0.0,0.0,0.0,0.0,0.0,0.0,,,0.0,0.0,0.0,0.0,0.0,0.0,,,0.0,0.0,0.0,0.0,0.0,1.0,0.0,0.0,0.0,0.0,,0.0,,,0.0,0.0,1.0,,,0.0,0.0,0.0,0.0,0.0,,0.0,0.0,0.0,0.0,0.0,0.0,0.0,0.0,0.0,0.0,0.0,0.0,,0.0,,0.0,4.0,0.0,0.0,,0.0,0.0,0.0,0.0,0.0,0.0,0.0,0.0,0.0,,0.0,0.0,0.0,0.0,0.0,0.0,0.0,2.0,,0.0,0.0,0.0,0.0,0.0,,,0.0,0.0,0.0,0.0,,9.0
2022-08-20,0.0,0.0,,0.0,0.0,0.0,,0.0,0.0,0.0,0.0,0.0,0.0,1.0,0.0,0.0,0.0,0.0,0.0,0.0,0.0,0.0,0.0,0.0,,0.0,0.0,0.0,0.0,0.0,0.0,0.0,,,0.0,0.0,0.0,0.0,0.0,1.0,0.0,0.0,0.0,0.0,,0.0,,0.0,0.0,0.0,1.0,,,0.0,0.0,0.0,0.0,0.0,,0.0,0.0,0.0,0.0,0.0,0.0,0.0,0.0,0.0,0.0,0.0,0.0,,0.0,,0.0,4.0,0.0,0.0,,0.0,0.0,0.0,0.0,0.0,0.0,0.0,0.0,0.0,,0.0,0.0,0.0,0.0,0.0,0.0,0.0,2.0,,0.0,0.0,0.0,0.0,0.0,,,0.0,0.0,0.0,0.0,,9.0
2022-08-27,0.0,0.0,0.0,0.0,0.0,0.0,,0.0,0.0,0.0,0.0,0.0,0.0,1.0,0.0,0.0,0.0,0.0,0.0,0.0,0.0,0.0,0.0,0.0,1.0,0.0,0.0,0.0,0.0,0.0,0.0,0.0,,,0.0,0.0,0.0,0.0,0.0,3.0,0.0,0.0,0.0,0.0,,0.0,0.0,0.0,0.0,0.0,1.0,0.0,,0.0,0.0,0.0,0.0,0.0,,0.0,0.0,0.0,0.0,0.0,0.0,0.0,0.0,0.0,0.0,0.0,0.0,,0.0,,0.0,4.0,0.0,0.0,0.0,0.0,,0.0,0.0,0.0,0.0,0.0,0.0,0.0,,0.0,0.0,0.0,0.0,0.0,0.0,0.0,2.0,,0.0,0.0,0.0,0.0,0.0,,,0.0,0.0,0.0,0.0,,12.0
2022-09-03,0.0,0.0,0.0,0.0,0.0,0.0,,0.0,1.0,0.0,0.0,0.0,0.0,2.0,0.0,0.0,0.0,0.0,0.0,0.0,0.0,0.0,0.0,0.0,1.0,0.0,0.0,0.0,0.0,0.0,0.0,0.0,,0.0,0.0,0.0,0.0,0.0,0.0,4.0,0.0,0.0,0.0,0.0,,0.0,0.0,0.0,0.0,0.0,1.0,0.0,,0.0,0.0,0.0,0.0,0.0,,0.0,0.0,0.0,0.0,0.0,0.0,0.0,0.0,0.0,0.0,0.0,,,0.0,,0.0,4.0,0.0,0.0,0.0,0.0,,0.0,0.0,0.0,0.0,0.0,0.0,0.0,,,0.0,0.0,0.0,0.0,0.0,0.0,2.0,,0.0,0.0,0.0,0.0,0.0,,,0.0,0.0,0.0,0.0,,15.0
2022-09-10,0.0,0.0,0.0,0.0,0.0,0.0,,0.0,1.0,0.0,0.0,0.0,0.0,2.0,0.0,2.0,0.0,0.0,0.0,0.0,0.0,0.0,0.0,0.0,1.0,0.0,0.0,0.0,0.0,0.0,0.0,0.0,,0.0,0.0,0.0,0.0,0.0,0.0,4.0,0.0,0.0,0.0,0.0,,0.0,0.0,0.0,0.0,0.0,1.0,0.0,,0.0,0.0,0.0,0.0,0.0,,0.0,0.0,0.0,0.0,0.0,0.0,0.0,0.0,0.0,0.0,0.0,,,0.0,,0.0,6.0,0.0,0.0,0.0,0.0,,0.0,0.0,0.0,0.0,0.0,0.0,0.0,,,0.0,0.0,0.0,0.0,0.0,0.0,2.0,,0.0,0.0,0.0,0.0,0.0,,,0.0,0.0,0.0,0.0,,19.0
2022-09-17,0.0,0.0,0.0,0.0,0.0,0.0,,0.0,1.0,0.0,0.0,0.0,0.0,2.0,0.0,2.0,0.0,0.0,0.0,0.0,0.0,0.0,0.0,0.0,1.0,0.0,0.0,0.0,0.0,0.0,0.0,0.0,,0.0,0.0,0.0,0.0,0.0,0.0,4.0,0.0,0.0,0.0,0.0,,0.0,0.0,0.0,0.0,0.0,1.0,0.0,,0.0,0.0,0.0,0.0,0.0,,0.0,0.0,0.0,0.0,0.0,0.0,0.0,0.0,0.0,0.0,0.0,,0.0,0.0,,0.0,6.0,0.0,0.0,0.0,0.0,,0.0,0.0,0.0,0.0,0.0,0.0,0.0,,,0.0,0.0,0.0,0.0,0.0,0.0,2.0,,1.0,0.0,0.0,0.0,0.0,0.0,,0.0,0.0,0.0,0.0,,20.0
2022-09-24,0.0,0.0,0.0,0.0,0.0,0.0,,0.0,1.0,0.0,0.0,0.0,0.0,2.0,0.0,2.0,0.0,0.0,0.0,0.0,0.0,0.0,0.0,0.0,1.0,0.0,0.0,1.0,0.0,0.0,0.0,0.0,,0.0,0.0,0.0,0.0,0.0,0.0,4.0,0.0,0.0,0.0,0.0,,0.0,0.0,0.0,0.0,0.0,1.0,0.0,,0.0,0.0,0.0,0.0,0.0,,0.0,0.0,0.0,0.0,0.0,0.0,0.0,0.0,0.0,0.0,0.0,,0.0,0.0,,0.0,6.0,0.0,0.0,0.0,0.0,,0.0,0.0,0.0,,0.0,0.0,0.0,,,0.0,0.0,0.0,0.0,0.0,0.0,2.0,,1.0,0.0,0.0,0.0,0.0,0.0,,0.0,1.0,0.0,0.0,,22.0
2022-10-01,0.0,0.0,0.0,0.0,0.0,0.0,,0.0,1.0,0.0,0.0,0.0,0.0,2.0,0.0,2.0,0.0,0.0,0.0,0.0,0.0,0.0,0.0,0.0,1.0,0.0,0.0,1.0,0.0,0.0,0.0,0.0,0.0,0.0,0.0,0.0,0.0,0.0,0.0,4.0,0.0,0.0,0.0,0.0,,0.0,0.0,0.0,0.0,0.0,1.0,0.0,,0.0,0.0,0.0,0.0,0.0,,0.0,0.0,0.0,0.0,0.0,0.0,0.0,0.0,0.0,0.0,0.0,,0.0,0.0,,0.0,7.0,0.0,0.0,0.0,0.0,,0.0,0.0,0.0,,0.0,0.0,0.0,0.0,,0.0,0.0,0.0,0.0,0.0,0.0,2.0,,1.0,0.0,0.0,0.0,0.0,0.0,,0.0,1.0,0.0,0.0,,23.0
2022-10-08,0.0,0.0,0.0,0.0,0.0,0.0,,0.0,1.0,0.0,0.0,0.0,0.0,3.0,0.0,2.0,0.0,0.0,0.0,0.0,0.0,0.0,0.0,0.0,1.0,0.0,0.0,1.0,0.0,0.0,0.0,0.0,0.0,0.0,0.0,0.0,0.0,0.0,0.0,4.0,0.0,0.0,0.0,0.0,,0.0,0.0,0.0,0.0,0.0,1.0,0.0,,0.0,0.0,0.0,0.0,0.0,,0.0,0.0,0.0,0.0,0.0,0.0,0.0,0.0,0.0,0.0,0.0,,0.0,0.0,,0.0,7.0,0.0,0.0,0.0,0.0,,0.0,0.0,0.0,,0.0,0.0,0.0,0.0,,0.0,0.0,0.0,0.0,0.0,0.0,2.0,,1.0,0.0,0.0,0.0,0.0,0.0,,0.0,2.0,0.0,0.0,0.0,25.0
2022-10-15,0.0,0.0,0.0,0.0,0.0,0.0,,0.0,1.0,0.0,0.0,0.0,0.0,6.0,0.0,2.0,0.0,0.0,0.0,,0.0,0.0,0.0,0.0,1.0,0.0,0.0,1.0,0.0,0.0,0.0,0.0,0.0,0.0,0.0,0.0,0.0,0.0,0.0,4.0,0.0,0.0,0.0,0.0,,0.0,0.0,0.0,0.0,0.0,1.0,0.0,,0.0,0.0,0.0,0.0,0.0,,0.0,0.0,0.0,0.0,0.0,0.0,0.0,0.0,0.0,0.0,0.0,,0.0,0.0,,0.0,7.0,0.0,0.0,0.0,0.0,,0.0,0.0,0.0,,0.0,0.0,0.0,0.0,,0.0,0.0,0.0,0.0,0.0,0.0,2.0,,1.0,0.0,0.0,0.0,0.0,0.0,,0.0,2.0,0.0,0.0,0.0,28.0
2022-10-22,0.0,0.0,0.0,0.0,0.0,0.0,,0.0,1.0,0.0,0.0,0.0,0.0,7.0,0.0,2.0,0.0,0.0,0.0,,0.0,0.0,0.0,0.0,1.0,0.0,0.0,1.0,0.0,0.0,0.0,0.0,0.0,0.0,0.0,0.0,0.0,0.0,0.0,4.0,0.0,0.0,0.0,0.0,,0.0,0.0,0.0,0.0,0.0,1.0,0.0,,0.0,0.0,0.0,0.0,0.0,,0.0,0.0,0.0,0.0,0.0,0.0,0.0,0.0,0.0,0.0,0.0,,0.0,0.0,,0.0,7.0,0.0,0.0,0.0,0.0,,0.0,0.0,0.0,,0.0,0.0,0.0,0.0,,0.0,0.0,0.0,0.0,0.0,0.0,2.0,,,0.0,0.0,0.0,0.0,0.0,,0.0,5.0,0.0,0.0,,32.0
2022-10-29,0.0,0.0,0.0,0.0,0.0,0.0,,0.0,1.0,0.0,0.0,0.0,0.0,8.0,0.0,2.0,0.0,0.0,0.0,,0.0,0.0,0.0,0.0,1.0,0.0,0.0,1.0,0.0,0.0,0.0,0.0,0.0,0.0,0.0,0.0,0.0,0.0,0.0,4.0,0.0,0.0,0.0,0.0,,0.0,0.0,0.0,0.0,0.0,1.0,0.0,,0.0,0.0,0.0,0.0,0.0,,0.0,0.0,0.0,0.0,0.0,0.0,0.0,0.0,0.0,0.0,0.0,,1.0,0.0,,0.0,7.0,0.0,0.0,0.0,0.0,,0.0,0.0,0.0,,0.0,0.0,0.0,0.0,,0.0,0.0,0.0,0.0,0.0,0.0,2.0,,,0.0,0.0,0.0,0.0,0.0,,0.0,6.0,0.0,0.0,,35.0
2022-11-05,0.0,0.0,0.0,0.0,0.0,0.0,,0.0,1.0,0.0,0.0,0.0,0.0,11.0,0.0,2.0,0.0,0.0,0.0,,0.0,0.0,0.0,0.0,1.0,0.0,0.0,1.0,0.0,0.0,0.0,0.0,0.0,0.0,0.0,0.0,0.0,0.0,0.0,4.0,0.0,0.0,0.0,0.0,,0.0,0.0,0.0,0.0,0.0,1.0,0.0,,0.0,0.0,0.0,0.0,0.0,,0.0,0.0,0.0,0.0,0.0,0.0,0.0,0.0,0.0,0.0,0.0,,1.0,0.0,,0.0,7.0,0.0,0.0,0.0,0.0,,0.0,0.0,0.0,,0.0,0.0,0.0,0.0,,0.0,0.0,0.0,0.0,0.0,0.0,2.0,0.0,,0.0,0.0,0.0,0.0,0.0,,0.0,8.0,0.0,0.0,,40.0
2022-11-12,0.0,0.0,0.0,0.0,0.0,0.0,,0.0,1.0,0.0,0.0,0.0,0.0,12.0,0.0,2.0,0.0,0.0,0.0,,0.0,0.0,0.0,0.0,1.0,0.0,0.0,1.0,0.0,0.0,0.0,0.0,0.0,0.0,0.0,0.0,0.0,0.0,0.0,4.0,0.0,0.0,0.0,0.0,,0.0,0.0,0.0,0.0,0.0,1.0,0.0,,0.0,0.0,0.0,0.0,0.0,,0.0,0.0,0.0,0.0,0.0,0.0,0.0,4.0,0.0,0.0,0.0,,1.0,0.0,,0.0,7.0,0.0,0.0,0.0,0.0,,0.0,0.0,0.0,,0.0,0.0,0.0,0.0,,0.0,0.0,0.0,0.0,0.0,0.0,2.0,0.0,,0.0,0.0,0.0,0.0,0.0,,0.0,11.0,0.0,0.0,,48.0
2022-11-19,0.0,0.0,0.0,0.0,0.0,0.0,,0.0,1.0,0.0,0.0,0.0,0.0,12.0,0.0,2.0,0.0,0.0,1.0,,0.0,0.0,0.0,0.0,1.0,0.0,0.0,1.0,0.0,0.0,0.0,0.0,0.0,0.0,0.0,0.0,0.0,0.0,0.0,4.0,0.0,0.0,0.0,0.0,,0.0,0.0,0.0,0.0,0.0,1.0,0.0,,0.0,0.0,0.0,0.0,0.0,,0.0,0.0,0.0,0.0,0.0,0.0,0.0,4.0,0.0,0.0,0.0,,1.0,0.0,,0.0,7.0,0.0,0.0,0.0,0.0,,0.0,0.0,0.0,,0.0,0.0,0.0,0.0,,0.0,0.0,0.0,0.0,0.0,0.0,3.0,0.0,,0.0,0.0,0.0,0.0,0.0,,0.0,12.0,0.0,0.0,,51.0
2022-11-26,0.0,0.0,0.0,0.0,0.0,0.0,,0.0,1.0,0.0,0.0,0.0,0.0,12.0,0.0,2.0,0.0,0.0,1.0,,0.0,0.0,0.0,0.0,1.0,0.0,0.0,1.0,0.0,0.0,0.0,0.0,0.0,0.0,0.0,0.0,0.0,0.0,0.0,4.0,0.0,0.0,0.0,0.0,,0.0,0.0,0.0,0.0,0.0,1.0,0.0,,0.0,0.0,0.0,0.0,0.0,,0.0,0.0,0.0,0.0,0.0,0.0,0.0,4.0,0.0,0.0,0.0,,1.0,0.0,,0.0,7.0,0.0,0.0,0.0,0.0,,0.0,0.0,0.0,,0.0,0.0,0.0,0.0,,0.0,0.0,0.0,0.0,0.0,,3.0,0.0,,0.0,0.0,0.0,0.0,0.0,,0.0,14.0,0.0,0.0,,53.0
2022-12-03,0.0,1.0,0.0,0.0,0.0,0.0,,0.0,1.0,0.0,0.0,0.0,0.0,14.0,0.0,2.0,0.0,0.0,2.0,,0.0,0.0,0.0,0.0,1.0,0.0,0.0,1.0,0.0,0.0,0.0,0.0,0.0,0.0,0.0,0.0,0.0,0.0,0.0,4.0,0.0,0.0,0.0,0.0,,0.0,0.0,0.0,0.0,0.0,1.0,0.0,,0.0,0.0,0.0,0.0,0.0,,0.0,0.0,0.0,0.0,0.0,0.0,0.0,4.0,0.0,0.0,0.0,,1.0,0.0,,0.0,7.0,0.0,0.0,0.0,0.0,,0.0,0.0,0.0,,0.0,0.0,0.0,0.0,,0.0,0.0,0.0,0.0,0.0,,3.0,0.0,,0.0,0.0,0.0,0.0,0.0,,0.0,19.0,0.0,0.0,,62.0
2022-12-10,0.0,1.0,0.0,,0.0,0.0,,0.0,1.0,0.0,0.0,0.0,0.0,14.0,0.0,2.0,0.0,0.0,2.0,,0.0,0.0,0.0,0.0,1.0,0.0,0.0,1.0,0.0,0.0,0.0,2.0,0.0,0.0,0.0,0.0,0.0,0.0,0.0,4.0,0.0,0.0,0.0,0.0,,0.0,0.0,0.0,0.0,0.0,1.0,0.0,,0.0,0.0,0.0,0.0,0.0,,0.0,0.0,0.0,0.0,0.0,0.0,0.0,4.0,0.0,0.0,0.0,,1.0,0.0,,0.0,7.0,0.0,0.0,0.0,0.0,,0.0,0.0,0.0,,0.0,0.0,0.0,0.0,,0.0,0.0,0.0,0.0,0.0,,3.0,0.0,,0.0,0.0,0.0,0.0,0.0,,0.0,20.0,0.0,0.0,,65.0
2022-12-17,0.0,1.0,0.0,,0.0,0.0,,0.0,1.0,0.0,0.0,0.0,0.0,14.0,0.0,2.0,0.0,0.0,2.0,,0.0,0.0,0.0,0.0,1.0,0.0,0.0,1.0,0.0,0.0,0.0,2.0,,0.0,0.0,0.0,0.0,0.0,0.0,4.0,0.0,0.0,0.0,0.0,,0.0,0.0,0.0,0.0,0.0,1.0,0.0,,0.0,0.0,0.0,0.0,0.0,,0.0,0.0,0.0,0.0,0.0,0.0,0.0,4.0,0.0,0.0,0.0,,1.0,0.0,,0.0,7.0,0.0,0.0,0.0,0.0,,0.0,0.0,0.0,,0.0,0.0,0.0,0.0,,0.0,0.0,0.0,0.0,0.0,,3.0,0.0,,0.0,0.0,0.0,0.0,0.0,,0.0,20.0,0.0,0.0,,65.0
2022-12-24,0.0,1.0,0.0,,0.0,0.0,,0.0,1.0,0.0,0.0,0.0,0.0,14.0,0.0,3.0,0.0,0.0,2.0,,0.0,0.0,0.0,0.0,1.0,0.0,0.0,1.0,0.0,0.0,0.0,2.0,,0.0,0.0,0.0,0.0,0.0,0.0,4.0,0.0,0.0,0.0,0.0,,0.0,0.0,0.0,0.0,0.0,1.0,0.0,,0.0,0.0,0.0,0.0,0.0,,0.0,0.0,0.0,0.0,0.0,0.0,0.0,4.0,0.0,0.0,0.0,,1.0,0.0,,0.0,7.0,0.0,0.0,0.0,5.0,,0.0,0.0,0.0,,0.0,0.0,0.0,0.0,,0.0,0.0,0.0,0.0,0.0,,3.0,0.0,,0.0,0.0,0.0,0.0,0.0,,0.0,20.0,0.0,0.0,,71.0
2022-12-31,0.0,1.0,0.0,,0.0,0.0,,0.0,1.0,0.0,0.0,0.0,0.0,14.0,0.0,3.0,0.0,0.0,2.0,,0.0,0.0,0.0,0.0,1.0,0.0,0.0,1.0,0.0,0.0,0.0,2.0,,0.0,0.0,0.0,0.0,0.0,0.0,4.0,0.0,0.0,0.0,0.0,,0.0,0.0,0.0,0.0,0.0,1.0,0.0,,0.0,0.0,0.0,0.0,0.0,,0.0,0.0,0.0,0.0,0.0,0.0,0.0,4.0,0.0,0.0,0.0,,1.0,0.0,,0.0,7.0,0.0,0.0,0.0,8.0,,0.0,0.0,0.0,,0.0,0.0,0.0,0.0,,0.0,0.0,0.0,0.0,0.0,,3.0,0.0,,0.0,0.0,0.0,0.0,0.0,,0.0,20.0,0.0,0.0,,74.0
2023-01-07,0.0,2.0,0.0,,0.0,0.0,,0.0,1.0,0.0,0.0,0.0,0.0,14.0,0.0,3.0,0.0,0.0,2.0,,0.0,0.0,0.0,0.0,1.0,0.0,0.0,1.0,0.0,0.0,0.0,2.0,,0.0,0.0,0.0,0.0,0.0,0.0,4.0,0.0,0.0,0.0,0.0,,0.0,0.0,0.0,0.0,0.0,1.0,0.0,,0.0,0.0,0.0,0.0,0.0,,0.0,0.0,0.0,0.0,0.0,0.0,0.0,4.0,0.0,0.0,0.0,,1.0,0.0,,0.0,7.0,0.0,0.0,0.0,8.0,,0.0,0.0,0.0,,0.0,0.0,0.0,0.0,,0.0,0.0,0.0,0.0,0.0,,3.0,0.0,,0.0,0.0,0.0,0.0,0.0,,0.0,21.0,0.0,0.0,,76.0
2023-01-14,0.0,2.0,0.0,,0.0,0.0,,0.0,1.0,0.0,0.0,0.0,0.0,14.0,0.0,3.0,0.0,0.0,2.0,,0.0,0.0,0.0,0.0,1.0,0.0,0.0,1.0,0.0,0.0,0.0,2.0,,0.0,0.0,0.0,0.0,0.0,0.0,4.0,0.0,0.0,0.0,0.0,,0.0,0.0,0.0,0.0,0.0,1.0,0.0,,0.0,0.0,0.0,0.0,0.0,,0.0,0.0,0.0,0.0,0.0,0.0,0.0,4.0,0.0,0.0,0.0,,1.0,0.0,,0.0,7.0,0.0,0.0,0.0,12.0,,0.0,0.0,0.0,,0.0,0.0,0.0,0.0,,0.0,,0.0,0.0,0.0,,3.0,0.0,,0.0,0.0,0.0,0.0,0.0,,0.0,21.0,0.0,0.0,,80.0
2023-01-21,0.0,2.0,0.0,,0.0,0.0,,0.0,1.0,0.0,0.0,0.0,0.0,15.0,0.0,3.0,0.0,0.0,2.0,,0.0,0.0,0.0,0.0,1.0,0.0,0.0,1.0,0.0,0.0,0.0,2.0,,0.0,0.0,0.0,0.0,0.0,0.0,4.0,0.0,0.0,0.0,0.0,,0.0,0.0,0.0,0.0,0.0,,,,0.0,0.0,0.0,0.0,0.0,,0.0,0.0,0.0,0.0,0.0,0.0,0.0,4.0,0.0,0.0,0.0,,1.0,0.0,,0.0,7.0,0.0,0.0,0.0,12.0,,0.0,0.0,0.0,,0.0,0.0,0.0,0.0,,0.0,,0.0,0.0,0.0,,3.0,,,0.0,0.0,,0.0,0.0,,0.0,23.0,0.0,0.0,,83.0
2023-01-28,0.0,2.0,0.0,,0.0,0.0,,0.0,1.0,0.0,0.0,0.0,0.0,15.0,0.0,3.0,0.0,0.0,2.0,,0.0,0.0,0.0,0.0,1.0,0.0,0.0,1.0,0.0,0.0,0.0,2.0,,0.0,0.0,0.0,0.0,0.0,0.0,4.0,0.0,0.0,0.0,0.0,,0.0,0.0,0.0,0.0,0.0,,,,0.0,0.0,0.0,0.0,,,0.0,,0.0,0.0,0.0,0.0,0.0,4.0,0.0,0.0,0.0,,1.0,0.0,,,7.0,0.0,0.0,0.0,15.0,,0.0,0.0,0.0,,0.0,0.0,0.0,0.0,,0.0,,0.0,0.0,0.0,,3.0,,,0.0,0.0,,0.0,0.0,,0.0,26.0,0.0,0.0,,89.0
